<?xml version="1.0" encoding="utf-8"?>
<layer-list xmlns:android="http://schemas.android.com/apk/res/android">

    <!-- Drop Shadow Stack -->
    <item>
        <shape>
            <padding
                android:top="@dimen/bg_1dp"

                />

            <solid android:color="#00CCCCCC" />

            <corners android:radius="3dp" />
        </shape>
    </item>
    <item>
        <shape>


            <solid android:color="#10CCCCCC" />

            <corners android:radius="3dp" />
        </shape>
    </item>
    <item>
        <shape>
            <padding
                android:top="1dp"

                />

            <solid android:color="#20CCCCCC" />

            <corners android:radius="3dp" />
        </shape>
    </item>
    <item>
        <shape>
            <padding
                android:top="1dp"
                />

            <solid android:color="#30CCCCCC" />

            <corners android:radius="3dp" />
        </shape>
    </item>
    <item>
        <shape>
            <padding
                android:top="1dp"

                />

            <solid android:color="#50CCCCCC" />

            <corners android:radius="3dp" />
        </shape>
    </item>

    <!-- Background -->
    <item>
        <shape>
            <solid android:color="@android:color/white" />


        </shape>
    </item>

</layer-list>