<?xml version="1.0" encoding="utf-8"?>
<selector xmlns:android="http://schemas.android.com/apk/res/android">
    <item
        android:state_checked="true"
        android:drawable="@color/colorPrimaryDark"/>
    <item>
        <layer-list>

            <item>
                <shape android:shape="rectangle">
                    <solid android:color="@color/colorPrimaryDark" />
                </shape>
            </item>
            <item android:right="1dp"
                android:top="1dp"
                android:bottom="1dp">
                <shape android:shape="rectangle">
                    <solid android:color="@color/white" />
                </shape>
            </item>

        </layer-list>
    </item>
</selector>