<?xml version="1.0" encoding="utf-8"?>
<selector xmlns:android="http://schemas.android.com/apk/res/android">
    <item android:state_checked="true">
        <shape android:padding="10dp" android:shape="rectangle">
            <solid android:color="@color/colorPrimaryDark" />
            <corners android:bottomRightRadius="30dp" android:topRightRadius="30dp" />
        </shape>
    </item>
    <item>
        <layer-list>

            <item>
                <shape android:shape="rectangle">

                    <corners android:bottomRightRadius="30dp" android:topRightRadius="30dp" />
                    <solid android:color="@color/colorPrimaryDark" />
                </shape>
            </item>
            <item android:bottom="1dp" android:right="1dp" android:top="1dp">
                <shape android:padding="10dp" android:shape="rectangle">
                    <solid android:color="@color/white" />
                    <corners android:bottomRightRadius="30dp" android:topRightRadius="30dp" />
                </shape>
            </item>

        </layer-list>
    </item>
</selector>

