<?xml version="1.0" encoding="utf-8"?>
<selector xmlns:android="http://schemas.android.com/apk/res/android">
    <item
        android:state_checked="true">
        <shape android:shape="rectangle" android:padding="10dp">
            <solid android:color="@color/colorPrimaryDark"/>
            <corners
                android:topLeftRadius="30dp"
                android:bottomLeftRadius="30dp"/>
        </shape>
    </item>
    <item>
        <shape android:shape="rectangle" android:padding="10dp">
            <stroke android:width="1dp" android:color="@color/colorPrimaryDark"/>
            <solid android:color="@color/white" />
            <corners
                android:topLeftRadius="30dp"
                android:bottomLeftRadius="30dp"/>
        </shape>
    </item>
</selector>